Age;population;cases;deaths cancer;deaths all
0;3992205.6000;0.2000;0.0000;2167.7601
1;3992205.6000;0.2000;0.0000;2183.9258
2;3992205.6000;0.2000;0.0000;2201.6139
3;3992205.6000;0.2000;0.0000;2220.9677
4;3992205.6000;0.2000;0.0000;2242.1442
5;3956144.0000;3.0000;0.0000;2244.8524
6;3956144.0000;3.0000;0.0000;2269.9762
7;3956144.0000;3.0000;0.0000;2297.4661
8;3956144.0000;3.0000;0.0000;2327.5448
9;3956144.0000;3.0000;0.0000;2360.4562
10;4172524.8000;18.8000;0.2000;2527.5414
11;4172524.8000;18.8000;0.2000;2569.0985
12;4172524.8000;18.8000;0.2000;2614.5693
13;4172524.8000;18.8000;0.2000;2664.3222
14;4172524.8000;18.8000;0.2000;2718.7605
15;4295476.8000;45.4000;2.0000;2860.1947
16;4295476.8000;45.4000;2.0000;2927.2897
17;4295476.8000;45.4000;2.0000;3000.7034
18;4295476.8000;45.4000;2.0000;3081.0308
19;4295476.8000;45.4000;2.0000;3168.9229
20;4409711.6000;73.2000;5.2000;3351.9248
21;4409711.6000;73.2000;5.2000;3459.9492
22;4409711.6000;73.2000;5.2000;3578.1467
23;4409711.6000;73.2000;5.2000;3707.4754
24;4409711.6000;73.2000;5.2000;3848.9835
25;4721962.6000;128.4000;20.4000;4287.3278
26;4721962.6000;128.4000;20.4000;4468.7401
27;4721962.6000;128.4000;20.4000;4667.2368
28;4721962.6000;128.4000;20.4000;4884.4267
29;4721962.6000;128.4000;20.4000;5122.0704
30;4740681.2000;325.2000;50.0000;5403.4294
31;4740681.2000;325.2000;50.0000;5689.0684
32;4740681.2000;325.2000;50.0000;6001.6072
33;4740681.2000;325.2000;50.0000;6343.5791
34;4740681.2000;325.2000;50.0000;6717.7560
35;4455971.2000;647.4000;117.4000;6699.1359
36;4455971.2000;647.4000;117.4000;7120.2033
37;4455971.2000;647.4000;117.4000;7580.9244
38;4455971.2000;647.4000;117.4000;8085.0336
39;4455971.2000;647.4000;117.4000;8636.6169
40;4146750.6000;1126.0000;240.2000;8598.9284
41;4146750.6000;1126.0000;240.2000;9213.4677
42;4146750.6000;1126.0000;240.2000;9885.8808
43;4146750.6000;1126.0000;240.2000;10621.6179
44;4146750.6000;1126.0000;240.2000;11426.6425
45;3993381.6000;1672.6000;384.2000;11852.2834
46;3993381.6000;1672.6000;384.2000;12780.4267
47;3993381.6000;1672.6000;384.2000;13795.9773
48;3993381.6000;1672.6000;384.2000;14907.1667
49;3993381.6000;1672.6000;384.2000;16123.0015
50;4023321.0000;2563.6000;630.6000;17584.1888
51;4023321.0000;2563.6000;630.6000;19050.7205
52;4023321.0000;2563.6000;630.6000;20655.3618
53;4023321.0000;2563.6000;630.6000;22411.1190
54;4023321.0000;2563.6000;630.6000;24332.2234
55;4197467.6000;3353.2000;892.6000;27578.4341
56;4197467.6000;3353.2000;892.6000;29977.9666
57;4197467.6000;3353.2000;892.6000;32603.4734
58;4197467.6000;3353.2000;892.6000;35476.2354
59;4197467.6000;3353.2000;892.6000;38619.5377
60;4173938.4000;4117.4000;1163.6000;41823.0943
61;4173938.4000;4117.4000;1163.6000;45565.2154
62;4173938.4000;4117.4000;1163.6000;49659.7481
63;4173938.4000;4117.4000;1163.6000;54139.8805
64;4173938.4000;4117.4000;1163.6000;59041.9262
65;3710201.4000;4249.8000;1274.4000;57249.9622
66;3710201.4000;4249.8000;1274.4000;62466.7336
67;3710201.4000;4249.8000;1274.4000;68174.7907
68;3710201.4000;4249.8000;1274.4000;74420.4000
69;3710201.4000;4249.8000;1274.4000;81254.1851
70;3039522.0000;3888.2000;1288.8000;72691.8649
71;3039522.0000;3888.2000;1288.8000;79394.4468
72;3039522.0000;3888.2000;1288.8000;86728.2395
73;3039522.0000;3888.2000;1288.8000;94752.6870
74;3039522.0000;3888.2000;1288.8000;103532.8310
75;2155344.8000;3227.0000;1396.2000;80228.1948
76;2155344.8000;3227.0000;1396.2000;87682.1386
77;2155344.8000;3227.0000;1396.2000;95838.0522
78;2155344.8000;3227.0000;1396.2000;104762.0431
79;2155344.8000;3227.0000;1396.2000;114526.4444
80;1365682.4000;2264.0000;1287.2000;79336.5596
81;1365682.4000;2264.0000;1287.2000;86743.7172
82;1365682.4000;2264.0000;1287.2000;94848.4386
83;1365682.4000;2264.0000;1287.2000;103716.4163
84;1365682.4000;2264.0000;1287.2000;113419.5294
85;965620.2153;1731.0125;1253.8033;87701.2698
86;881783.7403;1580.7236;1144.9464;87587.5331
87;798405.7170;1431.2565;1036.6847;86736.5516
88;716214.4963;1283.9170;929.9641;85101.2723
89;635974.6908;1140.0757;825.7772;82653.6357
90;558466.7318;1001.1316;725.1375;79389.3250
91;484462.0879;868.4676;629.0467;75332.0194
92;414694.8574;743.3999;538.4579;70536.6380
93;349830.9709;627.1221;454.2358;65091.0043
94;290436.7840;520.6495;377.1158;59115.3657
95;236949.3522;424.7656;307.6654;52759.2919
96;189651.0463;339.9766;246.2512;46195.6660
97;148651.3063;266.4787;193.0153;39611.7919
98;113878.1224;204.1428;147.8643;33198.0380
99;85081.2130;152.5203;110.4732;27134.8972
100;61847.8219;110.8711;80.3059;21579.7702
101;43630.6402;78.2142;56.6519;16655.0878
102;29785.7620;53.3952;38.6751;12439.4620
103;19617.0551;35.1664;25.4716;8963.3106
104;12422.1997;22.2686;16.1295;6209.8161
105;7535.2237;13.5080;9.7841;4121.2171
106;4360.8262;7.8174;5.6623;2609.4589
107;2397.1372;4.2972;3.1125;1569.3862
108;1245.5576;2.2328;1.6173;892.1928
109;608.5254;1.0909;0.7901;476.9074
110;277.9188;0.4982;0.3609;238.3065
